artikelnummer|ean|hersteller|titel|verkaufspreis|bild1|menge|einheit|typ||desc
61400-HGN|4017721835152|Animonda Cat|Animonda Rafine Cross Adult Ente, Pute & Huhn 400g|1,41|https://www.zoodrop.de/out/pictures/generated/product/1/665_665_100/4017721835152.jpg|0,4|kg|dry|||
61402-HGN|4017721835398|Animonda Cat|Animonda Rafine Cross AdultEnte, Pute & Huhn 1,5kg|4,46|https://www.zoodrop.de/out/pictures/generated/product/1/665_665_100/4017721835398.jpg|1,5|kg|dry|||
61431-HGN|4017721835411|Animonda Cat|Animonda Rafine Adult Huhn, Lachs & Schrimps 1,5kg|4,46|https://www.zoodrop.de/out/pictures/generated/product/1/665_665_100/4017721835411.jpg|1,5|kg|dry|||
61542-HGN|4017721866354|Animonda Cat|Animonda Integra Sensitive Truthahn & Gerste 250g|1,69|https://www.zoodrop.de/out/pictures/generated/product/1/665_665_100/4017721866354.jpg|0,25|kg|dry|||
61410-HGN|4017721835220|Animonda Cat|Animonda Rafine Cross Adult Ente, Pute & Huhn 15kg|29|https://www.zoodrop.de/out/pictures/generated/product/1/665_665_100/4017721835220.jpg|15|kg|dry|||
61549-HGN|4017721866378|Animonda Cat|Animonda Integra Sensitive Truthahn & Gerste 1,75kg|6,47|https://www.zoodrop.de/out/pictures/generated/product/1/665_665_100/4017721866378.jpg|1,75|kg|dry|||
41286-HGN|4017721829526|Animonda Dog|Animonda Dog Grancarno Junior 12,5 kg|27,91|https://www.zoodrop.de/out/pictures/generated/product/1/665_665_100/4017721829526.jpg|12,5|kg|dry|||
41240-HGN|4017721829557|Animonda Dog|Animonda Dog Grancarno Adult12,5 kg|28,9|https://www.zoodrop.de/out/pictures/generated/product/1/665_665_100/4017721829557.jpg|12,5|kg|dry|||
41292-HGN|4017721829588|Animonda Dog|Animonda Dog Grancarno Senior 12,5 kg|27,91|https://www.zoodrop.de/out/pictures/generated/product/1/665_665_100/4017721829588.jpg|12,5|kg|dry|||
41522-HGN|4017721865845|Animonda Dog|Animonda Integra Protect Nieren 2,5kg|10,76|https://www.zoodrop.de/out/pictures/generated/product/1/665_665_100/4017721865845.jpg|2,5|kg|dry|||
41520-HGN|4017721865852|Animonda Dog|Animonda Integra Protect Intestinal 2,5kg|10,75|https://www.zoodrop.de/out/pictures/generated/product/1/665_665_100/4017721865852.jpg|2,5|kg|dry|||
41300-HGN|4017721829021|Animonda Dog|Animonda Snack Pack - Chicken Sticks Geflügel 50 Stück|0,41|https://www.zoodrop.de/out/pictures/generated/product/1/665_665_100/4017721829021.jpg|0,5|kg|dry|||
42092-HGN|7311030147324|Bozita Robur|Bozita Robur Performance 33/20 5kg|18,26|https://www.zoodrop.de/out/pictures/generated/product/1/665_665_100/7311030147324.jpg|5|kg|dry|||
42089-HGN|7311030146419|Bozita Robur|Bozita Robur Breeder&Puppy XL 15kg|46,86|https://www.zoodrop.de/out/pictures/generated/product/1/665_665_100/7311030146419.jpg|15|kg|dry|||
42091-HGN|7311030147416|Bozita Robur|Bozita Robur Performance 15kg|47,75|https://www.zoodrop.de/out/pictures/generated/product/1/665_665_100/7311030147416.jpg|15|kg|dry|||
42088-HGN|7311030146235|Bozita Robur|Bozita Robur Breeder & Puppy XL 30/14 2kg|7,72|https://www.zoodrop.de/out/pictures/generated/product/1/665_665_100/7311030146235.jpg|2|kg|dry|||
6652865-HGN|7311030149410|Bozita Robur|Bozita Robur Maintenance Mini 27/17 12kg|37,48|https://www.zoodrop.de/out/pictures/generated/product/1/665_665_100/7311030149410.jpg|12|kg|dry|||
42039-HGN|7300330051271|Bozita Dog|Bozita Dog Nassfutter Kaninchen 635g|1,22|https://www.zoodrop.de/out/pictures/generated/product/1/665_665_100/7300330051271.jpg|0,635|kg|dry|||
42008-HGN|7311030102422|Bozita Dog|Bozita Original XL15kg|25,03|https://www.zoodrop.de/out/pictures/generated/product/1/665_665_100/7311030102422.jpg|15|kg|dry|||
42006-HGN|7311030104426|Bozita Dog|Bozita Original15kg|24,17|https://www.zoodrop.de/out/pictures/generated/product/1/665_665_100/7311030104426.jpg|15|kg|dry|||
6719879-HGN|7311030132429|Bozita Dog|Bozita Naturals X-Large 12kg|28,31|https://www.zoodrop.de/out/pictures/generated/product/1/665_665_100/7311030132429.jpg|12|Kg|dry|||
9100390-HGN|4260165181693|GranataPet|GranataPet Cat Geflügel Kitten 400g|3,45|https://www.zoodrop.de/out/pictures/generated/product/1/665_665_100/4260165181693.jpg|0,4|kg|dry|||
9100451-HGN|4260165183222|GranataPet|GranataPet Cat Geflügel Kitten 2kg|13,86|https://www.zoodrop.de/out/pictures/generated/product/1/665_665_100/4260165183222.jpg|2|kg|dry|||
9100383-HGN|4260165181532|GranataPet|GranataPet Cat Ente Adult 400g|3,52|https://www.zoodrop.de/out/pictures/generated/product/1/665_665_100/4260165181532.jpg|0,4|kg|dry|||
9100447-HGN|4260165183062|GranataPet|GranataPet Cat Ente Adult 2kg|14,08|https://www.zoodrop.de/out/pictures/generated/product/1/665_665_100/4260165183062.jpg|2|kg|dry|||
9100386-HGN|4260165181570|GranataPet|GranataPet Cat Fisch Adult 400g|3,52|https://www.zoodrop.de/out/pictures/generated/product/1/665_665_100/4260165181570.jpg|0,4|kg|dry|||
9100389-HGN|4260165181617|GranataPet|GranataPet Cat Geflügel Adult 400g|3,45|https://www.zoodrop.de/out/pictures/generated/product/1/665_665_100/4260165181617.jpg|0,4|kg|dry|||
27861-HGN|4260183140801|Wolfsblut|Wolfsblut Yucca Gold 450g|17,5|https://www.zoodrop.de/out/pictures/generated/product/1/665_665_100/4260183140801.jpg|0,45|kg|dry|||
27824-HGN|4260262763594|Wolfsblut|Wolfsblut Green Valley 500 g|4,78|https://www.zoodrop.de/out/pictures/generated/product/1/665_665_100/4260262763594.jpg|0,5|kg|dry|||
27918-HGN|4260262764027|Wolfsblut|Wolfsblut Cracker Black Marsh 225g|3,67|https://www.zoodrop.de/out/pictures/generated/product/1/665_665_100/4260262764027.jpg|0,225|kg|dry|||
27914-HGN|4260262763006|Wolfsblut|Wolfsblut Cracker Blue Mountain 225g|3,67|https://www.zoodrop.de/out/pictures/generated/product/1/665_665_100/4260262763006.jpg|0,225|kg|dry|||
27913-HGN|4260262762504|Wolfsblut|Wolfsblut Cracker Cold River 225g|3,21|https://www.zoodrop.de/out/pictures/generated/product/1/665_665_100/4260262762504.jpg|0,225|kg|dry|||
27912-HGN|4260262762009|Wolfsblut|Wolfsblut Cracker Dark Forest 225g|3,21|https://www.zoodrop.de/out/pictures/generated/product/1/665_665_100/4260262762009.jpg|0,225|kg|dry|||
6637714-HGN|7311030304307|Bozita Cat|Bozita Cat Diet & Stomach - Sensitive 10kg|37,9|https://www.zoodrop.de/out/pictures/generated/product/1/665_665_100/7311030304307.jpg|10|kg|dry|||
6637715-HGN|7311030305304|Bozita Cat|Bozita Cat Hair & Skin - Sensitive 10kg|37,9|https://www.zoodrop.de/out/pictures/generated/product/1/665_665_100/7311030305304.jpg|10|kg|dry|||
9108699-HGN|7311030311114|Bozita Cat|Bozita Kitten Grain free Chicken - 400 g|4,17|https://www.zoodrop.de/out/pictures/generated/product/1/665_665_100/7311030311114.jpg|0,4|kg|dry|||
9108701-HGN|7311030311312|Bozita Cat|Bozita Kitten Grain free Chicken - 10 kg|56,66|https://www.zoodrop.de/out/pictures/generated/product/1/665_665_100/7311030311312.jpg|10|kg|dry|||
9108700-HGN|7311030311213|Bozita Cat|Bozita Kitten Grain free Chicken - 2 kg|16,52|https://www.zoodrop.de/out/pictures/generated/product/1/665_665_100/7311030311213.jpg|2|kg|dry|||
9108714-HGN|7311030316119|Bozita Cat|Bozita Large wheat free Salmon - 400 g|3,91|https://www.zoodrop.de/out/pictures/generated/product/1/665_665_100/7311030316119.jpg|0,4|kg|dry|||
9119508-HGN|4015598026277|Sanabelle|Sanabelle Juicy Land-Ente - 40 g|0,9|https://www.zoodrop.de/out/pictures/generated/product/1/665_665_100/4015598026277.jpg|0,04|kg|dry|||
9119509-HGN|4015598026284|Sanabelle|Sanabelle Juicy Land-Ente - 250 g|3,2|https://www.zoodrop.de/out/pictures/generated/product/1/665_665_100/4015598026284.jpg|0,25|kg|dry|||
9119510-HGN|4015598026307|Sanabelle|Sanabelle Juicy Land-Ente - 800 g |10,36|https://www.zoodrop.de/out/pictures/generated/product/1/665_665_100/4015598026307.jpg|0,8|kg|dry|||
9119481-HGN|4015598025775|Sanabelle|Sanabelle Adult mit Strauß - 400 g|2,55|https://www.zoodrop.de/out/pictures/generated/product/1/665_665_100/4015598025775.jpg|0,4|kg|dry|||
9119482-HGN|4015598025799|Sanabelle|Sanabelle Adult mit Strauß - 2 kg|11,22|https://www.zoodrop.de/out/pictures/generated/product/1/665_665_100/4015598025799.jpg|2|kg|dry|||
9119483-HGN|4015598025812|Sanabelle|Sanabelle Adult mit Strauß - 8 kg|27,62|https://www.zoodrop.de/out/pictures/generated/product/1/665_665_100/4015598025812.jpg|8|kg|dry|||
9115594-HGN|7311030418233|Bozita|Bozita Original Adult XL - 3 kg|10,25|https://www.zoodrop.de/out/pictures/generated/product/1/665_665_100/7311030418233.jpg|3|kg|dry|||
9115595-HGN|7311030418325|Bozita|Bozita Original Adult XL - 12 kg|32,49|https://www.zoodrop.de/out/pictures/generated/product/1/665_665_100/7311030418325.jpg|12|kg|dry|||
9115592-HGN|7311030417236|Bozita|Bozita Original Adult Light - 3 kg|11,73|https://www.zoodrop.de/out/pictures/generated/product/1/665_665_100/7311030417236.jpg|3|kg|dry|||
9115593-HGN|7311030417328|Bozita|Bozita Original Adult Light - 12 kg|37,77|https://www.zoodrop.de/out/pictures/generated/product/1/665_665_100/7311030417328.jpg|12|kg|dry|||
9115586-HGN|7311030414235|Bozita|Bozita Original Adult Flavour Plus - 3 kg|11,73|https://www.zoodrop.de/out/pictures/generated/product/1/665_665_100/7311030414235.jpg|3|kg|dry|||
9115587-HGN|7311030414327|Bozita|Bozita Original Adult Flavour Plus - 12 kg|37,77|https://www.zoodrop.de/out/pictures/generated/product/1/665_665_100/7311030414327.jpg|12|kg|dry|||
6689190-HGN|4000158771667|Kattovit|Kattovit Feline Diet Sensitive - 4kg|21,52|https://www.zoodrop.de/out/pictures/generated/product/1/665_665_100/4000158771667.jpg|4|kg|dry|||
6689184-HGN|4000158771469|Kattovit|Kattovit Feline Diet Sensitive - 1250g|7,29|https://www.zoodrop.de/out/pictures/generated/product/1/665_665_100/4000158771469.jpg|1,25|kg|dry|||
6689178-HGN|4000158771261|Kattovit|Kattovit Feline Diet Sensitive - 400g|2,83|https://www.zoodrop.de/out/pictures/generated/product/1/665_665_100/4000158771261.jpg|0,4|kg|dry|||
6689181-HGN|4000158771421|Kattovit|Kattovit Feline Diet Urinary Huhn - 1250g|7,29|https://www.zoodrop.de/out/pictures/generated/product/1/665_665_100/4000158771421.jpg|1,25|kg|dry|||
6689187-HGN|4000158771629|Kattovit|Kattovit Feline Diet Urinary Huhn - 4kg|21,52|https://www.zoodrop.de/out/pictures/generated/product/1/665_665_100/4000158771629.jpg|4|kg|dry|||
6689176-HGN|4000158771223|Kattovit|Kattovit Feline Diet Urinary Huhn - 400g|2,83|https://www.zoodrop.de/out/pictures/generated/product/1/665_665_100/4000158771223.jpg|0,4|kg|dry|||
9101409-HGN|5060333435790|Applaws|Applaws Cat Trockenfutter Hühnchen mit Ente - 400 g|4,47|https://www.zoodrop.de/out/pictures/generated/product/1/665_665_100/5060333435790.jpg|0,4|kg|dry|||
9101416-HGN|5060333435646|Applaws|Applaws Cat Trockenfutter Hühnchen mit Ente - 2 kg|16,71|https://www.zoodrop.de/out/pictures/generated/product/1/665_665_100/5060333435646.jpg|2|kg|dry|||
9101411-HGN|5060333435653|Applaws|Applaws Cat Trockenfutter Hühnchen mit Ente - 7,5 kg|38,62|https://www.zoodrop.de/out/pictures/generated/product/1/665_665_100/5060333435653.jpg|7,5|kg|dry|||
9103309-HGN|5060333439637|Applaws|Applaws Cat Trockenfutter Hühnchen mit Lamm - 7,5 kg|38,62|https://www.zoodrop.de/out/pictures/generated/product/1/665_665_100/5060333439637.jpg|7,5|kg|dry|||
9103308-HGN|5060333439460|Applaws|Applaws Cat Trockenfutter Hühnchen mit Lamm - 2 kg|16,71|https://www.zoodrop.de/out/pictures/generated/product/1/665_665_100/5060333439460.jpg|2|kg|dry|||
9103310-HGN|5060333439644|Applaws|Applaws Cat Trockenfutter Hühnchen mit Lamm - 400 g|4,47|https://www.zoodrop.de/out/pictures/generated/product/1/665_665_100/5060333439644.jpg|0,4|kg|dry|||
9113624-HGN|8595602554201|Brit Care|Brit Care Cat Grain-Free - Sensitive - Food Allergy - 400g|3,73|https://www.zoodrop.de/out/pictures/generated/product/1/665_665_100/8595602554201.jpg|0,4|kg|dry|||
9113623-HGN|8595602554218|Brit Care|Brit Care Cat Grain-Free - Sensitive - Food Allergy - 2kg|12,44|https://www.zoodrop.de/out/pictures/generated/product/1/665_665_100/8595602554218.jpg|2|kg|dry|||
9111726-HGN|8595602540686|Brit Care|Brit Care Cat Grain-Free - Kitten - 400g|3,59|https://www.zoodrop.de/out/pictures/generated/product/1/665_665_100/8595602540686.jpg|0,4|kg|dry|||
9111725-HGN|8595602540679|Brit Care|Brit Care Cat Grain-Free - Kitten - 2kg|11,74|https://www.zoodrop.de/out/pictures/generated/product/1/665_665_100/8595602540679.jpg|2|kg|dry|||
9111745-HGN|8595602540778|Brit Care|Brit Care Cat Grain-Free - Sterilized - Sensitive - 400g|3,73|https://www.zoodrop.de/out/pictures/generated/product/1/665_665_100/8595602540778.jpg|0,4|kg|dry|||
9111744-HGN|8595602540761|Brit Care|Brit Care Cat Grain-Free - Sterilized - Sensitive - 2kg|12,44|https://www.zoodrop.de/out/pictures/generated/product/1/665_665_100/8595602540761.jpg|2|kg|dry|||
9110333-HGN|7300330036353|Bozita|Bozita Pouch Häppchen in Gelee mit Flussbarsch 85g|0,94|https://www.zoodrop.de/out/pictures/generated/product/1/665_665_100/7300330036353.jpg|0,085|kg|wet|||
9110330-HGN|7300330036322|Bozita|Bozita Pouch Häppchen in Gelee mit Rind 85g|0,94|https://www.zoodrop.de/out/pictures/generated/product/1/665_665_100/7300330036322.jpg|0,085|kg|wet|||
9113630-HGN|7300330036551|Bozita|Bozita Cat PB Indoor & Sterilised Häppchen in Soße MP Fleisch 12x85g|10,23|https://www.zoodrop.de/out/pictures/generated/product/1/665_665_100/7300330036551.jpg|1,02|kg|wet|||
9113158-HGN|7300330036209|Bozita|Bozita Pouch Häppchen in Soße Hühnchen für Kitten 85g|0,94|https://www.zoodrop.de/out/pictures/generated/product/1/665_665_100/7300330036209.jpg|0,085|kg|wet|||
9113159-HGN|7300330036216|Bozita|Bozita Pouch Häppchen in Soße Lachs für Kitten 85g|0,94|https://www.zoodrop.de/out/pictures/generated/product/1/665_665_100/7300330036216.jpg|0,085|kg|wet|||
9113160-HGN|7300330036520|Bozita|Bozita Pouch Häppchen in Soße Lachs & Fleisch Kitten MP 12x85g|10,23|https://www.zoodrop.de/out/pictures/generated/product/1/665_665_100/7300330036520.jpg|1,02|kg|wet|||
9111330-HGN|4017721830614|Animonda|Animonda vom Feinsten Cat Adult Geflügel & Seelachsfilet 85g|0,7|https://www.zoodrop.de/out/pictures/generated/product/1/665_665_100/4017721830614.jpg|0,085|kg|wet|||
9111310-HGN|4017721823081|Animonda|Animonda vom Feinsten Adult mit Huhn & Lachs 150g|0,85|https://www.zoodrop.de/out/pictures/generated/product/1/665_665_100/4017721823081.jpg|0,15|kg|wet|||
9111311-HGN|4017721823098|Animonda|Animonda vom Feinsten Adult mit Huhn & Kaninchen 150g|0,85|https://www.zoodrop.de/out/pictures/generated/product/1/665_665_100/4017721823098.jpg|0,15|kg|wet|||
9111312-HGN|4017721823104|Animonda|Animonda vom Feinsten Adult mit Pute & Ente 150g|0,85|https://www.zoodrop.de/out/pictures/generated/product/1/665_665_100/4017721823104.jpg|0,15|kg|wet|||
9111313-HGN|4017721823111|Animonda|Animonda vom Feinsten Adult mit Rind & Lamm 150g|0,85|https://www.zoodrop.de/out/pictures/generated/product/1/665_665_100/4017721823111.jpg|0,15|kg|wet|||
9111300-HGN|4017721835916|Animonda|Animonda Carny Adult Drink mit Huhn 140ml|0,77|https://www.zoodrop.de/out/pictures/generated/product/1/665_665_100/4017721835916.jpg|0,14|Liter|wet|||
9113575-WOK|5060481899086|Applaws|Applaws Cat MP Fisch Selection 12x156g|19,79|https://www.zoodrop.de/out/pictures/generated/product/1/665_665_100/5060481899086.png|1,872|kg|wet|||Applaws Fisch Selection in Brühe enthält nur die aufgeführten Zutaten und ist ein 100 % natürliches Ergänzungsfuttermittel für ausgewachsene Katzen. 100 % natürlich - nichts hinzugefügt, nichts versteckt 75 % Thunfischfilet - Zutaten höchster Qualität Fisch - natürliche Quelle von Omega-3 ErgänzungsfuttermittelZusammensetzung4 x Thunfischfilet: Thunfischfilet 75 %, Fischbrühe, Reis.4 x Meeresfisch: Makerle 45 %, Tuna Fillet 30 %, Fish Broth, Rice.4 x Thunfischfilet mit Garnelen: Thunfischfilet 55 %, Fischbrühe, Garnelen 20 %, ReisAnalytische Bestandteile4x Thunfischfilet: Protein 16 %, Rohfaser 0.1 %, Rohfett 1 %, Rohasche 1 %, Feuchtigkeit 80 %.4x Meeresfisch: Protein 17 %, Rohfaser 0.1 %, Rohfett 2 %, Rohasche 1 %, Feuchtigkeit 79 %.4x Thnfischfilet mit Garnelen: Protein 14 %, Rohfaser 0.1 %, Rohfett 1 %, Rohasche 1 %, Feuchtigkeit 81 %.Diese Fütterungsempfehlung dient nur als Orientierungshilfe.Gewicht der Katze0-3 kg : 0,5 Dose3 bis 5 kg : 1 Doseüber 5 kg : 1,5 DosenBitte stellen Sie Ihrer geliebten Samtpfote immer ausreichend frisches Wasser zur Verfügung.Beobachten Sie das Gewicht Ihrer Katze und passen Sie die Futtermenge gegebenenfalls an. Ihre Katze hat ein Idealgewicht, wenn ihre Taille erkennbar die Rippen zu erspüren aber nicht zu sehen sind.Beachten Sie dabei, dass trächtige Katzen einen erhöhten Nährstoffbedarf haben.Für eine ausgewogene Ernährung bitte zusammen mit einem Applaws Alleinfutter (Nass- oder Trockenfutter) füttern.
9113588-WOK|5060481899147|Applaws|Applaws Cat MP Fisch Selection in Gelee 12x70g|9,89|https://www.zoodrop.de/out/pictures/generated/product/1/665_665_100/5060481899147.png|0,84|kg|wet|||Applaws ist ein zu 100 % natürliches Ergänzungstierfutter für ausgewachsene Katzen und enthält nur die aufgeführten Zutaten. hergestellt aus natürlichen Zutaten - nichts hinzugefügt, nichts versteckt 60 % Thunfischfilet - Zutaten von höchster Qualität Fisch - natürliche Quelle von Omega-3 ErgänzungsfuttermittelZusammensetzung4 x Thunfischfilet: 60 %, Reismehl*, pflanzliches Geliermittel. 4 x Thunfischfilet mit Lachs: Thunfischfilet 55 %, Lachs 5 %, Reismehl, pflanzliches Geliermittel 4 x Thunfischfilet mit Meeresalgen: Thunfischfilet 56 %, Meeresalgen,4 %, Reismehl, pflanzliches Geliermittel.Analytische Bestandteile4 x Thunfischfilet : Protein 13 %, Rohfaser 0.1 %, Rohfett 1 %, Rohasche 1 %, Feuchtigkeit 84 %.4 x Thunfischfilet mit Lachs: Protein 12 %, Rohfaser 0.1 %, Rohfett 2 %, Rohasche 1 %, Feuchtigkeit 84 %.4 x Thunfischfilet mit Meeresalgen: Protein 12 %, Rohfaser 0.1 %, Rohfett 1 %, Rohasche 1 %, Feuchtigkeit 85 %.Diese Fütterungsempfehlung dient nur als Orientierungshilfe.Gewicht der Katze0-3 kg : 1 Dose3 bis 5 kg : 2 Dosenüber 5 kg : 3 DosenBitte stellen Sie Ihrer geliebten Samtpfote immer ausreichend frisches Wasser zur Verfügung.Beobachten Sie das Gewicht Ihrer Katze und passen Sie die Futtermenge gegebenenfalls an. Ihre Katze hat ein Idealgewicht, wenn ihre Taille erkennbar die Rippen zu erspüren aber nicht zu sehen sind.Beachten Sie dabei, dass trächtige Katzen einen erhöhten Nährstoffbedarf haben.Für eine ausgewogene Ernährung bitte zusammen mit einem Applaws Alleinfutter (Nass- oder Trockenfutter) füttern.
9105084-HGN|5060122494205|Applaws|Applaws Cat Dose Hühnchenbrust & Ente 156g|1,59|https://www.zoodrop.de/out/pictures/generated/product/1/665_665_100/5060122494205.jpg|0,156|kg|wet|||
9105083-HGN|5060122490177|Applaws|Applaws Cat Dose Hühnchenbrust 156g|1,73|https://www.zoodrop.de/out/pictures/generated/product/1/665_665_100/5060122490177.jpg|0,156|kg|wet|||
9106233-HGN|5060481890809|Applaws|Applaws Cat Dose Makrele & Sardine 156g|1,73|https://www.zoodrop.de/out/pictures/generated/product/1/665_665_100/5060481890809.jpg|0,156|kg|wet|||
9104960-HGN|5060122490214|Applaws|Applaws Cat Dose Hühnchenbrust & Käse 156g|1,73|https://www.zoodrop.de/out/pictures/generated/product/1/665_665_100/5060122490214.jpg|0,156|kg|wet|||
6625305-HGN|7300330049209|Bozita Cat|Bozita Cat Tetra Recard Häppchen in Gelee Lachs&Muschelfleisch 370g|1|https://www.zoodrop.de/out/pictures/generated/product/1/665_665_100/7300330049209.jpg|0,37|kg|wet|||
62010-HGN|7300330005717|Bozita Cat|Bozita Cat Nassfutter Rind 410g|1,1|https://www.zoodrop.de/out/pictures/generated/product/1/665_665_100/7300330005717.jpg|0,41|kg|wet|||
62011-HGN|7300330005724|Bozita Cat|Bozita Cat Nassfutter Lachs 410g|1,1|https://www.zoodrop.de/out/pictures/generated/product/1/665_665_100/7300330005724.jpg|0,41|kg|wet|||
62012-HGN|7300330005755|Bozita Cat|Bozita Cat Nassfutter Hühnchen 410g|1,1|https://www.zoodrop.de/out/pictures/generated/product/1/665_665_100/7300330005755.jpg|0,41|kg|wet|||
62013-HGN|7300330057129|Bozita Cat|Bozita Cat Nassfutter Garnelen 410g|1,1|https://www.zoodrop.de/out/pictures/generated/product/1/665_665_100/7300330057129.jpg|0,41|kg|wet|||
6625295-HGN|7300330049100|Bozita Cat|Bozita Cat Tetra Recard Häppchen in Gelee Schellfisch 370g|1,34|https://www.zoodrop.de/out/pictures/generated/product/1/665_665_100/7300330049100.jpg|0,37|kg|wet|||
6613775-HGN|4017721832274|Animonda Cat|Animonda vom Feinsten für kastrierte Katzen mit Pute & Tomate 100g|0,56|https://www.zoodrop.de/out/pictures/generated/product/1/665_665_100/4017721832274.jpg|0,1|kg|wet|||
9111321-HGN|4017721830393|Animonda Cat|Animonda vom Feinsten Milkies Rind in Milchsauce 100g|0,78|https://www.zoodrop.de/out/pictures/generated/product/1/665_665_100/4017721830393.jpg|0,1|kg|wet|||
9111322-HGN|4017721830409|Animonda Cat|Animonda vom Feinsten Milkies Pute in Joghurtsauce 100g|0,78|https://www.zoodrop.de/out/pictures/generated/product/1/665_665_100/4017721830409.jpg|0,1|kg|wet|||
9113570-HGN|4017721866101|Animonda Cat|Animonda Integra Protect Urinary Struvitstein mit Huhn 100g|0,95|https://www.zoodrop.de/out/pictures/generated/product/1/665_665_100/4017721866101.jpg|0,1|kg|wet|||
6301222-HGN|4017721866330|Animonda Cat|Animonda Cat Integra Protect PB Renal Rind 85g|0,68|https://www.zoodrop.de/out/pictures/generated/product/1/665_665_100/4017721866330.jpg|0,085|kg|wet|||
6217140-HGN|4017721866309|Animonda Cat|Animonda Cat Integra Protect PB Urinary Huhn 85g|0,68|https://www.zoodrop.de/out/pictures/generated/product/1/665_665_100/4017721866309.jpg|0,085|kg|wet|||
197724-GP|4260165197724|GranataPet|GranataPet Delicatessen Pouch Truthahn & Fasan 85 g|0,98|https://www.zoodrop.de/out/pictures/generated/product/1/665_665_100/197724_delicatessen_85g_pouch_truthahn_fasan.jpg|0,085|kg|wet|||Warum ist GranataPet so besonders? Granatapfelkerne sind besonders reich an natürlichen Polyphenolen (Ellagsäure). Durch das gezielte Abfangen freier Radikale kann dies für Ihre Katze Zellschutz sowie Stärkung des Immunsystems bedeuten. Hergestellt: IN Deutschland MIT Granatapfelkernen, MIT Taurin, MIT Leinöl MIT Grünlippmuschel (natürliches Chondroitin und Glucosamin) OHNE Getreide, OHNE Gluten OHNE Weizen, OHNE Reis, OHNE Mais, OHNE Soja OHNE Zugabe von Zucker, OHNE Vitamin K3 OHNE künstliche Konservierungsmittel OHNE Farb- und Aromastoffe OHNE GVO (OHNE gentechnisch veränderte Organismen) DE Alleinfuttermittel für ausgewachsene Katzen GranataPet DeliCatessen Truthahn & Fasan Zusammensetzung: Truthahn- und Fasanenfleisch 72 % (Truthahn 55 % bestehend aus Muskelfleisch, Herz, Leber und Fasan 17 % bestehend aus Muskelfleisch, Herz), Truthahn- und Fasanenbrühe 24,9 %, Granatapfelkerne 1 %, Lachsöl 1 %, Mineralstoffe 1 %, Grünlippmuschel 0,1 % Analytische Bestandteile: Protein 10,2 %, Fettgehalt 5,1 %, Rohasche 2,2 %, Rohfaser 0,5 %, Feuchtegehalt 80 % Ernährungsphysiologische Zusatzstoffe/kg: Vitamin D3 200 IE, Taurin 1500 mg, Zink (als Zinksulfat, Monohydrat) 25 mg, Mangan (als Mangan(II)-sulfat, Monohydrat) 1,4 mg, Jod (als Kalziumjodat, wasserfrei) 0,75 mg Fütterungsempfehlung Aktuelles Gewicht Katze Sterilisiert und oder Indoor Katzen Aktive Katze Current weight cat Neutred and/or Indoor cats active cats 2kg-3kg 105g-140g 170g-225g 4kg-5kg 175g-200g 270g-315g 6kg-7kg 225g-250g 355g-390g 8kg-10kg 275g-320g 430g-500g Normal 0 21 false false false DE X-NONE X-NONE /* Style Definitions */ table.MsoNormalTable{mso-style-name:"Normale Tabelle" mso-tstyle-rowband-size:0 mso-tstyle-colband-size:0 mso-style-noshow:yes mso-style-priority:99 mso-style-parent:"" mso-padding-alt:0cm 5.4pt 0cm 5.4pt mso-para-margin:0cm mso-para-margin-bottom:.0001pt mso-pagination:widow-orphan font-size:10.0pt font-family:"Times New Roman",serif }
197762-GP|4260165197762|GranataPet|GranataPet Delicatessen Pouch Lachs PUR 85 g|0,98|https://www.zoodrop.de/out/pictures/generated/product/1/665_665_100/197762_delicatessen_85g_pouch_lachs_pur.jpg|0,085|kg|wet|||Warum ist GranataPet so besonders? Granatapfelkerne sind besonders reich an natürlichen Polyphenolen (Ellagsäure). Durch das gezielte Abfangen freier Radikale kann dies für Ihre Katze Zellschutz sowie Stärkung des Immunsystems bedeuten. Hergestellt: IN Deutschland MIT Granatapfelkernen, MIT Taurin, MIT Leinöl MIT Grünlippmuschel (natürliches Chondroitin und Glucosamin) OHNE Getreide, OHNE Gluten OHNE Weizen, OHNE Reis, OHNE Mais, OHNE Soja OHNE Zugabe von Zucker, OHNE Vitamin K3 OHNE künstliche Konservierungsmittel OHNE Farb- und Aromastoffe OHNE GVO (OHNE gentechnisch veränderte Organismen) DE Alleinfuttermittel für ausgewachsene Katzen GranataPet DeliCatessen Lachs PUR Zusammensetzung: Lachs 72 %, Lachsbrühe 24,9 %, Granatapfelkerne 1 %, Leinöl 1 %, Mineralstoffe 1 %, Grünlippmuschel 0,1 % Analytische Bestandteile: Protein 9,8 %, Fettgehalt 8 %, Rohasche 3 %, Rohfaser 0,4 %, Feuchtegehalt 78 % Ernährungsphysiologische Zusatzstoffe/kg: Vitamin A 3000 IE, Taurin 1500 mg, Zink (als Zinksulfat, Monohydrat) 25 mg, Mangan (als Mangan(II)-sulfat, Monohydrat) 1,4 mg, Jod (als Kalzium¬jodat, wasserfrei) 0,75 mg, Kupfer (als Kupfer(II)-sulfat, Pentahydrat) 2 mg Fütterungsempfehlung Aktuelles Gewicht Katze Sterilisiert und oder Indoor Katzen Aktive Katze Current weight cat Neutred and/or Indoor cats active cats 2kg-3kg 105g-140g 170g-225g 4kg-5kg 175g-200g 270g-315g 6kg-7kg 225g-250g 355g-390g 8kg-10kg 275g-320g 430g-500g Normal 0 21 false false false DE X-NONE X-NONE /* Style Definitions */ table.MsoNormalTable{mso-style-name:"Normale Tabelle" mso-tstyle-rowband-size:0 mso-tstyle-colband-size:0 mso-style-noshow:yes mso-style-priority:99 mso-style-parent:"" mso-padding-alt:0cm 5.4pt 0cm 5.4pt mso-para-margin:0cm mso-para-margin-bottom:.0001pt mso-pagination:widow-orphan font-size:10.0pt font-family:"Times New Roman",serif }
197809-GP|4260165197809|GranataPet|GranataPet Delicatessen Pouch Kalb PUR 85 g|0,98|https://www.zoodrop.de/out/pictures/generated/product/1/665_665_100/197809_delicatessen_85g_pouch_kalb_pur.jpg|0,085|kg|wet|||Warum ist GranataPet so besonders? Granatapfelkerne sind besonders reich an natürlichen Polyphenolen (Ellagsäure). Durch das gezielte Abfangen freier Radikale kann dies für Ihre Katze Zellschutz sowie Stärkung des Immunsystems bedeuten. Hergestellt: IN Deutschland MIT Granatapfelkernen, MIT Taurin, MIT Leinöl MIT Grünlippmuschel (natürliches Chondroitin und Glucosamin) OHNE Getreide, OHNE Gluten OHNE Weizen, OHNE Reis, OHNE Mais, OHNE Soja OHNE Zugabe von Zucker, OHNE Vitamin K3 OHNE künstliche Konservierungsmittel OHNE Farb- und Aromastoffe OHNE GVO (OHNE gentechnisch veränderte Organismen) DE Alleinfuttermittel für ausgewachsene Katzen GranataPet DeliCatessen Kalb PUR Zusammensetzung: Kalbfleisch 72 % (bestehend aus Muskelfleisch, Herz, Lunge, Leber), Kalbsbrühe 24,9 %, Granatapfelkerne 1 %, Lachsöl 1 %, Mineralstoffe 1 %, Grünlippmuschel 0,1 % Analytische Bestandteile: Protein 10,8 %, Fettgehalt 7,3 %, Rohasche 2,1 %, Rohfaser 0,5 %, Feuchtegehalt 76 % Ernährungsphysiologische Zusatzstoffe/kg: Vitamin D3 200 IE, Taurin 1500 mg, Zink (als Zinksulfat, Monohydrat) 25 mg, Mangan (als Mangan(II)-sulfat, Monohydrat) 1,4 mg, Jod (als Kalziumjodat, wasserfrei) 0,75 mg Fütterungsempfehlung Aktuelles Gewicht Katze Sterilisiert und oder Indoor Katzen Aktive Katze Current weight cat Neutred and/or Indoor cats active cats 2kg-3kg 105g-140g 170g-225g 4kg-5kg 175g-200g 270g-315g 6kg-7kg 225g-250g 355g-390g 8kg-10kg 275g-320g 430g-500g Normal 0 21 false false false DE X-NONE X-NONE /* Style Definitions */ table.MsoNormalTable{mso-style-name:"Normale Tabelle" mso-tstyle-rowband-size:0 mso-tstyle-colband-size:0 mso-style-noshow:yes mso-style-priority:99 mso-style-parent:"" mso-padding-alt:0cm 5.4pt 0cm 5.4pt mso-para-margin:0cm mso-para-margin-bottom:.0001pt mso-pagination:widow-orphan font-size:10.0pt font-family:"Times New Roman",serif }
197601-GP|4260165197601|GranataPet|GranataPet Delicatessen Pouch Lachs & Pute 85 g|0,98|https://www.zoodrop.de/out/pictures/generated/product/1/665_665_100/197601_delicatessen_85g_pouch_lachs_pute.jpg|0,085|kg|wet|||Warum ist GranataPet so besonders? Granatapfelkerne sind besonders reich an natürlichen Polyphenolen (Ellagsäure). Durch das gezielte Abfangen freier Radikale kann dies für Ihre Katze Zellschutz sowie Stärkung des Immunsystems bedeuten. Hergestellt: IN Deutschland MIT Granatapfelkernen, MIT Taurin, MIT Leinöl MIT Grünlippmuschel (natürliches Chondroitin und Glucosamin) OHNE Getreide, OHNE Gluten OHNE Weizen, OHNE Reis, OHNE Mais, OHNE Soja OHNE Zugabe von Zucker, OHNE Vitamin K3 OHNE künstliche Konservierungsmittel OHNE Farb- und Aromastoffe OHNE GVO (OHNE gentechnisch veränderte Organismen) DE Alleinfuttermittel für ausgewachsene Katzen GranataPet DeliCatessen Lachs & Pute Zusammensetzung: Lachs und Putenfleisch 72 % (Lachs 20 % und Pute 52 % bestehend aus Muskelfleisch, Herz, Leber), Lachs- und Putenbrühe 24,9 %, Granatapfelkerne 1 %, Lachsöl 1 %, Mineralstoffe 1 %, Grünlippmuschel 0,1 % Analytische Bestandteile: Protein 10,3 %, Fettgehalt 6,1 %, Rohasche 2,4 %, Rohfaser 0,5 %, Feuchtegehalt 80 % Ernährungsphysiologische Zusatzstoffe/kg: Taurin 1500 mg, Zink (als Zinksulfat, Monohydrat) 25 mg, Mangan (als Mangan(II)-sulfat, Monohydrat) 1,4 mg, Jod (als Kalziumjodat, wasserfrei) 0,75 mg, Kupfer (als Kupfer(II)-sulfat, Pentahydrat) 1 mg Fütterungsempfehlung Aktuelles Gewicht Katze Sterilisiert und oder Indoor Katzen Aktive Katze Current weight cat Neutred and/or Indoor cats active cats 2kg-3kg 105g-140g 170g-225g 4kg-5kg 175g-200g 270g-315g 6kg-7kg 225g-250g 355g-390g 8kg-10kg 275g-320g 430g-500g Normal 0 21 false false false DE X-NONE X-NONE /* Style Definitions */ table.MsoNormalTable{mso-style-name:"Normale Tabelle" mso-tstyle-rowband-size:0 mso-tstyle-colband-size:0 mso-style-noshow:yes mso-style-priority:99 mso-style-parent:"" mso-padding-alt:0cm 5.4pt 0cm 5.4pt mso-para-margin:0cm mso-para-margin-bottom:.0001pt mso-pagination:widow-orphan font-size:10.0pt font-family:"Times New Roman",serif }
198127-GP|4260165198127|GranataPet|GranataPet Delicatessen Dose Kitten Geflügel 200g|1,34|https://www.zoodrop.de/out/pictures/generated/product/1/665_665_100/198127_delicatessen_2019_200g_3d_kitten.jpg|0,2|kg|wet|||Warum ist GranataPet so besonders? Granatapfelkerne sind besonders reich an natürlichen Polyphenolen (Ellagsäure). Durch das gezielte Abfangen freier Radikale kann dies für Ihre Katze Zellschutz sowie Stärkung des Immunsystems bedeuten. Hergestellt: IN Deutschland MIT Granatapfelkernen, MIT Taurin, MIT Leinöl MIT Grünlippmuschel (natürliches Chondroitin und Glucosamin) OHNE Getreide, OHNE Gluten OHNE Weizen, OHNE Reis, OHNE Mais, OHNE Soja OHNE Zugabe von Zucker, OHNE Vitamin K3 OHNE künstliche Konservierungsmittel OHNE Farb- und Aromastoffe OHNE GVO (OHNE gentechnisch veränderte Organismen) DE Alleinfuttermittel für heranwachsende Katzen GranataPet DeliCatessen Kitten / Junior Geflügel Zusammensetzung: Geflügelfleisch 72 % (bestehend aus Muskelfleisch, Herz, Magen, Leber), Geflügelbrühe 24,9 %, Granatapfelkerne 1 %, Lachsöl 1 %, Mineralstoffe 1 %, Grünlippmuschel 0,1 % Analytische Bestandteile: Protein 10,2 %, Fettgehalt 5,2 %, Rohasche 2,2 %, Rohfaser 0,5 %, Feuchtegehalt 80 % Ernährungsphysiologische Zusatzstoffe/kg: Vitamin D3 200 IE, Taurin 1500 mg, Zink (als Zinksulfat, Monohydrat) 25 mg, Mangan (als Mangan(II)-sulfat, Monohydrat) 1,4 mg, Jod (als Kalziumjodat, wasserfrei) 0,75 mg, Kupfer (als Kupfer(II)-sulfat, Pentahydrat) 1 mg Fütterungsempfehlung: Aktuelles Gewicht Katze bis 4 Monate 4-9 Monate 9-12 Monate Current weight cat up to 4 months 4 to 9 months 9-12 months 0.5kg-1kg 155g-245g - - 1.5kg-2.5kg 320g-450g 270g-375g 215g-300g 3kg-4kg 510g-620g 425g-515g 340g-410g 4.5kg-5kg - 560g-600g 445g-480g
197663-GP|4260165197663|GranataPet|GranataPet Delicatessen Pouch Lamm & Truthahn 85 g|0,98|https://www.zoodrop.de/out/pictures/generated/product/1/665_665_100/197663_delicatessen_85g_pouch_lamm_truthahn.jpg|0,085|kg|wet|||Warum ist GranataPet so besonders? Granatapfelkerne sind besonders reich an natürlichen Polyphenolen (Ellagsäure). Durch das gezielte Abfangen freier Radikale kann dies für Ihre Katze Zellschutz sowie Stärkung des Immunsystems bedeuten. Hergestellt: IN Deutschland MIT Granatapfelkernen, MIT Taurin, MIT Leinöl MIT Grünlippmuschel (natürliches Chondroitin und Glucosamin) OHNE Getreide, OHNE Gluten OHNE Weizen, OHNE Reis, OHNE Mais, OHNE Soja OHNE Zugabe von Zucker, OHNE Vitamin K3 OHNE künstliche Konservierungsmittel OHNE Farb- und Aromastoffe OHNE GVO (OHNE gentechnisch veränderte Organismen) DE Alleinfuttermittel für ausgewachsene Katzen GranataPet DeliCatessen Lamm & Truthahn Zusammensetzung: Lamm- und Truthahnfleisch 72 % (Lamm 36 % bestehend aus Muskelfleisch, Herz, Lunge, Leber und Truthahn 36 % bestehend aus Muskelfleisch, Herz, Leber), Lamm- und Truthahnbrühe 24,9 %, Granatapfelkerne 1 %, Lachsöl 1 %, Mineralstoffe 1 %, Grünlippmuschel 0,1 % Analytische Bestandteile: Protein 10,6 %, Fettgehalt 6,5 %, Rohasche 2,1 %, Rohfaser 0,5 %, Feuchtegehalt 78 % Ernährungsphysiologische Zusatzstoffe/kg: Vitamin D3 200 IE, Taurin 1500 mg, Zink (als Zinksulfat, Monohy¬drat) 25 mg, Mangan (als Mangan(II)-sulfat, Monohydrat) 1,4 mg, Jod (als Kalziumjodat, wasserfrei) 0,75 mg Fütterungsempfehlung Aktuelles Gewicht Katze Sterilisiert und oder Indoor Katzen Aktive Katze Current weight cat Neutred and/or Indoor cats active cats 2kg-3kg 105g-140g 170g-225g 4kg-5kg 175g-200g 270g-315g 6kg-7kg 225g-250g 355g-390g 8kg-10kg 275g-320g 430g-500g Normal 0 21 false false false DE X-NONE X-NONE /* Style Definitions */ table.MsoNormalTable{mso-style-name:"Normale Tabelle" mso-tstyle-rowband-size:0 mso-tstyle-colband-size:0 mso-style-noshow:yes mso-style-priority:99 mso-style-parent:"" mso-padding-alt:0cm 5.4pt 0cm 5.4pt mso-para-margin:0cm mso-para-margin-bottom:.0001pt mso-pagination:widow-orphan font-size:10.0pt font-family:"Times New Roman",serif }
WB783748|4260603783748|Wolfsblut|Wolfsblut Dose Blue Mountain 395g|2,25|https://www.zoodrop.de/out/pictures/generated/product/1/665_665_100/wb783748wolfsblutadultbluemountain-wildmitkartoffelnnassfutter6x395g.jpg|0,395|kg|wet|||Blue MountainNassfutter Wild mit KartoffelnDie Rezeptur von BLUE MOUNTAIN Nassfutter verbindet die Nahrung des Wolfs mit den neuesten wissenschaftlichen Erkenntnissen über richtige Hundeernährung.Auf einen Blick: Hundeernährung nach dem Vorbild des Wolfes Rezeptur mit natürlichen Inhaltsstoffen Frisches und bekömmliches Wild als Hauptbestandteil Wild ist besonders nährstoffreich und besitzt einen würzigen und zugleich sehr natürlichen Geschmack Ohne Getreide, da es im natürlichen Beuteschema des Urahns des Hundes nicht vorkommt und zudem zu den häufigsten Allergieauslösern bei Hunden zählt Mit wertvollen Superfoods wie Möhren, Fenchel, Holunderbeeren, Cranberries sowie Brennnessel, Löwenzahn und Spirulina mit wertvollen Inhaltsstoffen Gemäß Lebensmittelstandard produziert Ohne Zucker, Soja, Geschmacksverstärkern & künstlichen Zusätzen (ausgenommen Vitamine & Mineralstoffe) In Verbindung mit Kartoffeln ist Wild besonders beliebt bei Hunden Mit Tierärzten entwickelt Ohne TierversucheIn den Rocky Mountains Nordamerikas, der arktischen Tundra, den Bergen und Wäldern Europas bis hin zu den Wüsten und Steppen Zentralasiens jagen Wölfe ihre Beute. Diese versorgt sie mit Fleisch und nährstoffreichen Innereien, aber auch mit Gemüse, Früchten, Beeren, Wurzeln und Kräutern über den Mageninhalt der Beute. Getreide gehört hier nicht dazu. So erhält der Wolf seine benötigten Vitamine, Mineralstoffe, Spurenelemente, Enzyme und sekundären Pflanzenstoffe. Da der Wolf der Urahn aller Hunde ist, orientiert sich unser Wolfsblut Hundenassfutter an diesen natürlichen Fressgewohnheiten des Wolfs. Es enthält viel Fleisch oder Fisch kombiniert mit Superfoods, die wertvolle Inhaltsstoffe enthalten – und das wie in der Natur, ganz ohne Getreide. Unsere Auswahl an außergewöhnlichen Fleischsorten und nährstoffreichen Superfoods baut dabei auf den Lebensräumen des Wolfs und deren bunter Nahrungsvielfalt auf. Wolfsblut bietet jedem Hund eine artgerechte und ursprüngliche Ernährung und mit seiner Sortenvielfalt ist für jeden etwas dabei, das er verträgt.Die einzelnen Futterbestandteile von BLUE MOUNTAIN wurden zusammen mit Tierärzten, passend zum natürlichen Beuteschema des Wolfs und den Erkenntnissen zu ganzheitlicher Hundeernährung, zusammengestellt. Das Nassfutter von Wolfsblut ist damit einzigartig und enhält viele Superfoods.InhaltsstoffeZusammensetzungWild 67 %, Brühe, Kartoffeln 2 %, Mineralstoffe, Möhren, Erbsen, Topinambur, Fruchtmischung (Brombeeren, Himbeeren, Holunderbeeren, Schwarze Johannisbeeren, Heidelbeeren, Cranberries), Leinsamen, Yucca-Extrakt, Spinat, Fenchel, Kräutermischung (Anissamen, Bockshornklee, Pfefferminze, Petersilie, Oregano, Thymian, Brennnessel, Löwenzahn, Weißdorn, Ginseng), Seegras, Spirulina, Grünlippmuschel.Analytische BestandteileRohprotein 10,5 %, Rohfett 6,5 %, Rohasche 2,8 %, Rohfaser 1 %, Feuchtigkeit 78 %
WB784523|4260603784523|Wolfsblut|Wolfsblut Adult Wild Duck & Turkey 800g|3,86|https://www.zoodrop.de/out/pictures/generated/product/1/665_665_100/wb784523wolfsblutadultwildduckturkeynassfutter6x800g.png|0,8|kg|wet|||Wild Duck & Turkey AdultDas Nassfutter mit Truthahn & Ente besteht aus einzelnen Futterbestandteile die zusammen mit Tierärzten entwickelt wurden, passend zum natürlichen Beuteschema des Wolfs und den Erkenntnissen zu ganzheitlicher Hundeernährung, zusammengestellt. Das Nassfutter von Wolfsblut ist damit einzigartig.In den Rocky Mountains Nordamerikas, der arktischen Tundra, den Bergen und Wäldern Europas bis hin zu den Wüsten und Steppen Zentralasiens jagen Wölfe ihre Beute. Diese versorgt sie mit Fleisch und nährstoffreichen Innereien, aber auch mit Gemüse, Früchten, Beeren, Wurzeln und Kräutern über den Mageninhalt der Beute. Getreide gehört hier nicht dazu. So erhält der Wolf seine benötigten Vitamine, Mineralstoffe, Spurenelemente, Enzyme und sekundären Pflanzenstoffe. Da der Wolf der Urahn aller Hunde ist, orientiert sich unser Wolfsblut Hundenassfutter an diesen natürlichen Fressgewohnheiten des Wolfs. Es enthält viel Fleisch oder Fisch kombiniert mit Superfoods, die wertvolle Inhaltsstoffe enthalten – und das wie in der Natur, ganz ohne Getreide. Unsere Auswahl an außergewöhnlichen Fleischsorten und nährstoffreichen Superfoods baut dabei auf den Lebensräumen des Wolfs und deren bunter Nahrungsvielfalt auf. Wolfsblut bietet jedem Hund eine artgerechte und ursprüngliche Ernährung und mit seiner Sortenvielfalt ist für jeden etwas dabei, das er verträgt.Die Rezeptur von Wild Duck & Turkey Nassfutter verbindet die Nahrung des Wolfs mit den neuesten wissenschaftlichen Erkenntnissen über richtige Hundeernährung.Das Nassfutter Wild Duck & Turkey Adult im Überblick: Hundeernährung nach dem Vorbild des Wolfes Rezeptur mit natürlichen Inhaltsstoffen Frischer und gut bekömmlicher Truthahn und Ente als Hauptbestandteil Ohne Getreide, da es im natürlichen Beuteschema des Urahns des Hundes nicht vorkommt und zudem zu den häufigsten Allergieauslösern bei Hunden zählt Mit wertvollen Superfoods wie Äpfel, Möhren, Sanddorn, Holunderbeeren sowie Löwenzahn, Topinambur und Ginseng mit wertvollen Inhaltsstoffen Gemäß Lebensmittelstandard produziert Ohne Zucker, Soja, Geschmacksverstärkern & künstlichen Zusätzen (ausgenommen Vitamine & Mineralstoffe) Ein Geschmacksklassiker, der sehr gern gefressen wird Mit Tierärzten entwickelt Ohne TierversucheZusammensetzungTruthahn 42 %, Brühe, Ente 24 %, Kartoffeln 1 %, Möhren, Mineralstoffe, Tomaten, Topinambur, Äpfel, Fruchtmischung (Sanddorn, Himbeeren, Holunderbeeren, Schwarze Johannisbeeren, Heidelbeeren, Cranberries), Leinsamen, Fenchel, Yucca-Extrakt, Kräutermischung (Anissamen, Bockshornklee, Pfefferminze, Petersilie, Oregano, Thymian, Brennnessel, Löwenzahn, Weißdorn, Ginseng), Grünlippmuschel.Analytische BestandteileRohprotein 10,4 %, Rohfett 5,3 %, Rohasche 2,5 %, Rohfaser 0,5 %, Feuchtigkeit 79 %.
WB783090|4260603783090|Wolfsblut|Wolfsblut Dose Wild Duck Puppy 395g|2,25|https://www.zoodrop.de/out/pictures/generated/product/1/665_665_100/wb783090wolfsblutpuppywildduck-entemitkrbisnassfutter6x395g.jpg|0,395|kg|wet|||Wild Duck Puppy - Ente mit KürbisDie Rezeptur von WILD DUCK PUPPY Nassfutter verbindet die Nahrung des Wolfs mit den neuesten wissenschaftlichen Erkenntnissen über richtige Welpenernährung. In den Rocky Mountains Nordamerikas, der arktischen Tundra, den Bergen und Wäldern Europas bis hin zu den Wüsten und Steppen Zentralasiens jagen Wölfe ihre Beute. Diese versorgt sie mit Fleisch und nährstoffreichen Innereien, aber auch mit Gemüse, Früchten, Beeren, Wurzeln und Kräutern über den Mageninhalt der Beute. Getreide gehört hier nicht dazu. So erhält der Wolf seine benötigten Vitamine, Mineralstoffe, Spurenelemente, Enzyme und sekundären Pflanzenstoffe. Da der Wolf der Urahn aller Hunde ist, orientiert sich unser Wolfsblut Hundenassfutter an diesen natürlichen Fressgewohnheiten des Wolfs. Es enthält viel Fleisch oder Fisch kombiniert mit Superfoods, die wertvolle Inhaltsstoffe enthalten – und das wie in der Natur, ganz ohne Getreide. Unsere Auswahl an außergewöhnlichen Fleischsorten und nährstoffreichen Superfoods baut dabei auf den Lebensräumen des Wolfs und deren bunter Nahrungsvielfalt auf. Wolfsblut bietet jedem Hund eine artgerechte und ursprüngliche Ernährung und mit seiner Sortenvielfalt ist für jeden etwas dabei, das er verträgt. Die einzelnen Futterbestandteile von WILD DUCK PUPPY wurden zusammen mit Tierärzten, passend zum natürlichen Beuteschema des Wolfs und den Erkenntnissen zu ganzheitlicher Welpenernährung, zusammengestellt. Das Nassfutter von Wolfsblut ist damit einzigartig und enthält viele Superfoods.Das Nassfutter Wild Duck Puppy von Wolfsblut im Überblick: Rezeptur nach dem Vorbild des Wolfes mit natürlichen Inhaltsstoffen Für Welpen und Junghunde Frische und gut bekömmliche Ente Die Ente liefert wertvolle B-Vitamine sowie wichtigen Mineralstoffe und Spurenelemente wie Kalium, Eisen und Zink Ohne Getreide Mit Superfoods Gemäß Lebensmittelstandard produziert Ohne Zucker, Soja, Geschmacksverstärkern & künstlichen Zusätzen (ausgenommen Vitamine & Mineralstoffe) Ein Geschmacksklassiker, der von Welpen und Junghunden sehr gern gefressen wird Mit Tierärzten entwickelt Ohne TierversucheInhaltsstoffeZusammensetzungEnte 65 %, Brühe, Kürbis 2 %, Süßkartoffeln, Möhren, Topinambur, Mineralstoffe, Fruchtmischung (Brombeeren, Himbeeren, Holunderbeeren, Schwarze Johannisbeeren, Heidelbeeren, Cranberries), Leinsamen, Yucca Extrakt, Fenchel, Kräutermischung (Anissamen, Bockshornklee, Pfefferminze, Petersilie, Oregano, Thymian, Brennnessel, Löwenzahn, Weißdorn, Ginseng), Grünlippmuschel, Seegras.Analytische BestandteileRohprotein 10 %, Rohfett 5,9 %, Rohasche 2,5 %, Rohfaser 0,5 %, Feuchtigkeit 79 %.
WB784486|4260603784486|Wolfsblut|Wolfsblut Dose Wild Duck & Turkey Puppy 395g|2,25|https://www.zoodrop.de/out/pictures/generated/product/1/665_665_100/wb784486wolfsblutpuppywildduckturkeynassfutter6x395g.jpg|0,395|kg|wet|||Wild Duck & Turkey PuppyDas Nassfutter mit Truthahn & Ente von Wolfsblut besticht durch einzelnen Futterbestandteile von WILD DUCK & TURKEY, die mit Tierärzten zusammengestellt wurden. Passend zum natürlichen Beuteschema des Wolfs und den Erkenntnissen zu ganzheitlicher Hundeernährung, zusammengestellt. Das Nassfutter von Wolfsblut ist damit einzigartig.Das Nassfutter von Wolfsblut im Überblick: Welpenernährung nach dem Vorbild des Wolfes Rezeptur mit natürlichen Inhaltsstoffen Frischer und gut bekömmlicher Truthahn und Ente als Hauptbestandteil Ohne Getreide, da es im natürlichen Beuteschema des Urahns des Hundes nicht vorkommt und zudem zu den häufigsten Allergieauslösern bei Hunden zählt Mit wertvollen Superfoods wie Äpfel, Möhren, Sanddorn, Holunderbeeren sowie Löwenzahn, Topinambur und Ginseng mit wertvollen Inhaltsstoffen Gemäß Lebensmittelstandard produziert Ohne Zucker, Soja, Geschmacksverstärkern & künstlichen Zusätzen (ausgenommen Vitamine & Mineralstoffe) Ein Geschmacksklassiker, der sehr gern gefressen wird Mit Tierärzten entwickelt Ohne TierversucheInhaltsstoffeZusammensetzungTruthahn 41 %, Brühe, Ente 24 %, Kürbis 2 %, Süßkartoffeln, Möhren, Topinambur, Mineralstoffe, Fruchtmischung (Brombeeren, Himbeeren, Holunderbeeren, Schwarze Johannisbeeren, Heidelbeeren, Cranberries), Leinsamen, Yucca Extrakt, Fenchel, Kräutermischung (Anissamen, Bockshornklee, Pfefferminze, Petersilie, Oregano, Thymian, Brennnessel, Löwenzahn, Weißdorn, Ginseng), Grünlippmuschel, Seegras.Analytische BestandteileRohprotein 10 %, Rohfett 5,9 %, Rohasche 2,5 %, Rohfaser 0,5 %, Feuchtigkeit 79 %.
WB783069|4260603783069|Wolfsblut|Wolfsblut Dose Wild Duck 800g|4,26|https://www.zoodrop.de/out/pictures/generated/product/1/665_665_100/wb783069wolfsblutadultwildduck-entemitkartoffelnnassfutter6x800g.jpg|0,8|kg|wet|||Wild Duck - Ente mit KartoffelnDie Rezeptur von WILD DUCK Nassfutter verbindet die Nahrung des Wolfs mit den neuesten wissenschaftlichen Erkenntnissen über richtige Hundeernährung. In den Rocky Mountains Nordamerikas, der arktischen Tundra, den Bergen und Wäldern Europas bis hin zu den Wüsten und Steppen Zentralasiens jagen Wölfe ihre Beute. Diese versorgt sie mit Fleisch und nährstoffreichen Innereien, aber auch mit Gemüse, Früchten, Beeren, Wurzeln und Kräutern über den Mageninhalt der Beute. Getreide gehört hier nicht dazu. So erhält der Wolf seine benötigten Vitamine, Mineralstoffe, Spurenelemente, Enzyme und sekundären Pflanzenstoffe. Da der Wolf der Urahn aller Hunde ist, orientiert sich unser Wolfsblut Hundenassfutter an diesen natürlichen Fressgewohnheiten des Wolfs. Es enthält viel Fleisch oder Fisch kombiniert mit Superfoods, die wertvolle Inhaltsstoffe enthalten – und das wie in der Natur, ganz ohne Getreide. Unsere Auswahl an außergewöhnlichen Fleischsorten und nährstoffreichen Superfoods baut dabei auf den Lebensräumen des Wolfs und deren bunter Nahrungsvielfalt auf. Wolfsblut bietet jedem Hund eine artgerechte und ursprüngliche Ernährung und mit seiner Sortenvielfalt ist für jeden etwas dabei, das er verträgt. Die einzelnen Futterbestandteile von WILD DUCK wurden zusammen mit Tierärzten, passend zum natürlichen Beuteschema des Wolfs und den Erkenntnissen zu ganzheitlicher Hundeernährung, zusammengestellt. Das Nassfutter von Wolfsblut ist damit einzigartig und enthält viele Superfoods.Das Nassfutter Wild Duck von Wolfsblut: Rezeptur nach dem Vorbild des Wolfes mit natürlichen Inhaltsstoffen Mit frischer und gut bekömmlicher Ente Ente enthält wertvolle B-Vitamine, darunter Vitamin B1, B2, B6, B12 und Niacin Ohne Getreide Mit wertvollen Superfoods Gemäß Lebensmittelstandard produziert Ohne Zucker, Soja, Geschmacksverstärkern & künstlichen Zusätzen (ausgenommen Vitamine & Mineralstoffe) Ein Geschmacksklassiker, der sehr gern gefressen wird Mit Tierärzten entwickelt Ohne TierversucheInhaltsstoffeZusammensetzungEnte 66 %, Brühe, Kartoffeln 1 %, Möhren, Mineralstoffe, Tomaten, Topinambur, Äpfel, Fruchtmischung (Sanddorn, Himbeeren, Holunderbeeren, Schwarze Johannisbeeren, Heidelbeeren, Cranberries), Leinsamen, Fenchel, Yucca-Extrakt, Kräutermischung (Anissamen, Bockshornklee, Pfefferminze, Petersilie, Oregano, Thymian, Brennnessel, Löwenzahn, Weißdorn, Ginseng), Grünlippmuschel.Analytische BestandteileRohprotein 10 %, Rohfett 5 %, Rohasche 2,5 %, Rohfaser 0,5 %, Feuchtigkeit 80 %.
WB783342|4260603783342|Wolfsblut|Wolfsblut Dose Dark Forest 800g|4,26|https://www.zoodrop.de/out/pictures/generated/product/1/665_665_100/wb783342darkforestadult-wildmitskartoffel6x800g.jpg|0,8|kg|wet|||Dark Forest - Wild mit SüßkartoffelnDie Rezeptur von DARK FOREST Nassfutter verbindet die Nahrung des Wolfs mit den neuesten wissenschaftlichen Erkenntnissen über richtige Hundeernährung. In den Rocky Mountains Nordamerikas, der arktischen Tundra, den Bergen und Wäldern Europas bis hin zu den Wüsten und Steppen Zentralasiens jagen Wölfe ihre Beute. Diese versorgt sie mit Fleisch und nährstoffreichen Innereien, aber auch mit Gemüse, Früchten, Beeren, Wurzeln und Kräutern über den Mageninhalt der Beute. Getreide gehört hier nicht dazu. So erhält der Wolf seine benötigten Vitamine, Mineralstoffe, Spurenelemente, Enzyme und sekundären Pflanzenstoffe. Da der Wolf der Urahn aller Hunde ist, orientiert sich unser Wolfsblut Hundenassfutter an diesen natürlichen Fressgewohnheiten des Wolfs. Es enthält viel Fleisch oder Fisch kombiniert mit Superfoods, die wertvolle Inhaltsstoffe enthalten – und das wie in der Natur, ganz ohne Getreide. Unsere Auswahl an außergewöhnlichen Fleischsorten und nährstoffreichen Superfoods baut dabei auf den Lebensräumen des Wolfs und deren bunter Nahrungsvielfalt auf. Wolfsblut bietet jedem Hund eine artgerechte und ursprüngliche Ernährung und mit seiner Sortenvielfalt ist für jeden etwas dabei, das er verträgt. Die einzelnen Futterbestandteile von DARK FOREST wurden zusammen mit Tierärzten, passend zum natürlichen Beuteschema des Wolfs und den Erkenntnissen zu ganzheitlicher Hundeernährung, zusammengestellt. Das Nassfutter von Wolfsblut ist damit einzigartig und enhält viele Superfoods.Das Nassfutter Cold River von Wolfsblut im Überblick: Rezeptur nach dem Vorbild des Wolfes mit natürlichen Inhaltsstoffen Mit frischem und bekömmlichem Wild Wild ist besonders nährstoffreich und besitzt einen würzigen und zugleich sehr natürlichen Geschmack Ohne Getreide Mit wertvollen Superfoods Gemäß Lebensmittelstandard produziert Ohne Zucker, Soja, Geschmacksverstärkern & künstlichen Zusätzen (ausgenommen Vitamine & Mineralstoffe) In Verbindung mit Süßkartoffeln ist Wild besonders beliebt bei Hunden Mit Tierärzten entwickelt Ohne TierversucheInhaltsstoffeZusammensetzungWild 59 %, Brühe, Lamm 6 %, Süßkartoffeln 3 %, Kichererbsen, Mineralstoffe, Tomaten, Topinambur, Fruchtmischung (Himbeeren, Holunderbeeren, Schwarze Johannisbeeren, Heidelbeeren, Cranberries, Aroniabeeren), Yucca- Extrakt, Kräutermischung (Anissamen, Bockshornklee, Pfefferminze, Petersilie, Oregano, Thymian, Brennnessel, Löwenzahn, Weißdorn, Ginseng).Analytische BestandteileRohprotein 10,2 %, Rohfett 6,5 %, Rohasche 2,5 %, Rohfaser 0,8 %, Feuchtigkeit 78 %
9106690-HGN|42373575|Miamor|Miamor Dose Feine Filets Naturelle Huhn & Shrimps 80 g|0,87|https://www.zoodrop.de/out/pictures/generated/product/1/665_665_100/42373575.jpg|0,08|kg|wet|||
9107286-HGN|42375852|Miamor|Miamor Pastete Ente 85g|0,64|https://www.zoodrop.de/out/pictures/generated/product/1/665_665_100/42375852.jpg|0,085|kg|wet|||
6784360-HGN|42334651|Miamor|Miamor Deli Dinner Huhn Pur & Rind 175g Dose|0,71|https://www.zoodrop.de/out/pictures/generated/product/1/665_665_100/42334651.jpg|0,175|kg|wet|||
6784359-HGN|42334637|Miamor|Miamor Deli Dinner Huhn Pur & Lachs 175g Dose|0,71|https://www.zoodrop.de/out/pictures/generated/product/1/665_665_100/42334637.jpg|0,175|kg|wet|||
6784358-HGN|42334644|Miamor|Miamor Deli Dinner Huhn Pur & Ente 175g Dose|0,71|https://www.zoodrop.de/out/pictures/generated/product/1/665_665_100/42334644.jpg|0,175|kg|wet|||
9107285-HGN|42375845|Miamor|Miamor Pastete Rind 85g|0,64|https://www.zoodrop.de/out/pictures/generated/product/1/665_665_100/42375845.jpg|0,085|kg|wet|||
9110997-HGN|4003537445302|Landfleisch|LandFleisch B.A.R.F.2GO Obst-, Gemüse und Kräuterpesto Grün 200g|1,49|https://www.zoodrop.de/out/pictures/generated/product/1/665_665_100/4003537445302.jpg|0,2|kg|wet|||
9110996-HGN|4003537445210|Landfleisch|LandFleisch B.A.R.F.2GO Exklusiv 100% vom Pferd 400g|2,26|https://www.zoodrop.de/out/pictures/generated/product/1/665_665_100/4003537445210.jpg|0,4|kg|wet|||
9110998-HGN|4003537445319|Landfleisch|LandFleisch B.A.R.F.2GO Obst-, Gemüse und Kräuterpesto Rot 200g|1,49|https://www.zoodrop.de/out/pictures/generated/product/1/665_665_100/4003537445319.jpg|0,2|kg|wet|||
9110992-HGN|4003537445173|Landfleisch|LandFleisch B.A.R.F.2GO 100% von der Ente 400g|1,93|https://www.zoodrop.de/out/pictures/generated/product/1/665_665_100/4003537445173.jpg|0,4|kg|wet|||
9106966-HGN|4260104071290|Landfleisch|Landfleisch Wolf Vitamin-, Mineralmischung 250g|6,8|https://www.zoodrop.de/out/pictures/generated/product/1/665_665_100/4260104071290.jpg|0,25|kg|wet|||
9110993-HGN|4003537445180|Landfleisch|LandFleisch B.A.R.F.2GO Exklusiv 100% vom Lamm 400g|2,26|https://www.zoodrop.de/out/pictures/generated/product/1/665_665_100/4003537445180.jpg|0,4|kg|wet|||
9111894-HGN|4000158773708|Kattovit|Kattovit Niere/Renal-Drink mit Ente 135ml|0,84|https://www.zoodrop.de/out/pictures/generated/product/1/665_665_100/4000158773708.jpg|0,135|Liter|wet|||
6717359-HGN|4000158770523|Kattovit|Kattovit Feline Diet Sensitive Truthahn 175g|0,79|https://www.zoodrop.de/out/pictures/generated/product/1/665_665_100/4000158770523.jpg|0,175|kg|wet|||
6717357-HGN|4000158770288|Kattovit|Kattovit Feline Diet Niere/Renal mit Truthahn 85g|0,53|https://www.zoodrop.de/out/pictures/generated/product/1/665_665_100/4000158770288.jpg|0,085|kg|wet|||
6717356-HGN|4000158770264|Kattovit|Kattovit Feline Diet Niere/Renal mit Rind 85g|0,53|https://www.zoodrop.de/out/pictures/generated/product/1/665_665_100/4000158770264.jpg|0,085|kg|wet|||
6717354-HGN|4000158770400|Kattovit|Kattovit Feline Diet Gastro Ente + Reis 85g|0,53|https://www.zoodrop.de/out/pictures/generated/product/1/665_665_100/4000158770400.jpg|0,085|kg|wet|||
6717355-HGN|4000158770271|Kattovit|Kattovit Feline Diet Niere/Renal mit Huhn 85g|0,53|https://www.zoodrop.de/out/pictures/generated/product/1/665_665_100/4000158770271.jpg|0,085|kg|wet|||
41040-HGN|4017721826204|Animonda Dog|Animonda vom Feinsten Junior Rind & Geflügel 150g|0,85|https://www.zoodrop.de/out/pictures/generated/product/1/665_665_100/4017721826204.jpg|0,15|kg|wet|||
41041-HGN|4017721826211|Animonda Dog|Animonda vom Feinsten Junior Geflügel & Putenherzen 150g|0,85|https://www.zoodrop.de/out/pictures/generated/product/1/665_665_100/4017721826211.jpg|0,15|kg|wet|||
41045-HGN|4017721826105|Animonda Dog|Animonda vom Feinsten Adult Geflügel & Kalb 150g|0,85|https://www.zoodrop.de/out/pictures/generated/product/1/665_665_100/4017721826105.jpg|0,15|kg|wet|||
41046-HGN|4017721826112|Animonda Dog|Animonda vom Feinsten Adult Pute & Lamm 150g|0,85|https://www.zoodrop.de/out/pictures/generated/product/1/665_665_100/4017721826112.jpg|0,15|kg|wet|||
41047-HGN|4017721826129|Animonda Dog|Animonda vom Feinsten Adult Rind & Putenherzen 150g|0,85|https://www.zoodrop.de/out/pictures/generated/product/1/665_665_100/4017721826129.jpg|0,15|kg|wet|||
41050-HGN|4017721826143|Animonda Dog|Animonda vom Feinsten Adult Geflügel & Nudeln 150g|0,85|https://www.zoodrop.de/out/pictures/generated/product/1/665_665_100/4017721826143.jpg|0,15|kg|wet|||
42031-HGN|7300330051202|Bozita Dog|Bozita Dog Nassfutter Pansen 635g|1,22|https://www.zoodrop.de/out/pictures/generated/product/1/665_665_100/7300330051202.jpg|0,635|kg|wet|||
42032-HGN|7300330051219|Bozita Dog|Bozita Dog Nassfutter Elch 635g|1,22|https://www.zoodrop.de/out/pictures/generated/product/1/665_665_100/7300330051219.jpg|0,635|kg|wet|||
42033-HGN|7300330051226|Bozita Dog|Bozita Dog Nassfutter Pute 635g|1,22|https://www.zoodrop.de/out/pictures/generated/product/1/665_665_100/7300330051226.jpg|0,635|kg|wet|||
42030-HGN|7300330051233|Bozita Dog|Bozita Dog Nassfutter Rentier 635g|1,22|https://www.zoodrop.de/out/pictures/generated/product/1/665_665_100/7300330051233.jpg|0,635|kg|wet|||
42029-HGN|7300330051240|Bozita Dog|Bozita Dog Nassfutter Huhn & Reis 635g|1,22|https://www.zoodrop.de/out/pictures/generated/product/1/665_665_100/7300330051240.jpg|0,635|kg|wet|||
42028-HGN|7300330051257|Bozita Dog|Bozita Dog Nassfutter Lamm & Reis 635g|1,22|https://www.zoodrop.de/out/pictures/generated/product/1/665_665_100/7300330051257.jpg|0,635|kg|wet|||
6690601-HGN|4000158740991|Finnern Miamor|Miamor MP Ragout Royale in Jelly Lachs, Pute, Kalb 12x100g|5,27|https://www.zoodrop.de/out/pictures/generated/product/1/665_665_100/4000158740991.jpg|1,2|Kg|wet|||
6723121-HGN|4000158740786|Finnern Miamor|Miamor Feine Filets PB Thunfisch in Lachsjelly 100g|0,86|https://www.zoodrop.de/out/pictures/generated/product/1/665_665_100/4000158740786.jpg|0,1|kg|wet|||
6723050-HGN|4000158740809|Finnern Miamor|Miamor Feine Filets PB Thunfisch in Krebsjelly 100g|0,86|https://www.zoodrop.de/out/pictures/generated/product/1/665_665_100/4000158740809.jpg|0,1|kg|wet|||
58240-HGN|4000158740519|Finnern Miamor|Miamor Ragout Royale in Jelly 100g - Huhn|0,46|https://www.zoodrop.de/out/pictures/generated/product/1/665_665_100/4000158740519.jpg|0,1|kg|wet|||
58241-HGN|4000158740526|Finnern Miamor|Miamor Ragout Royale in Jelly 100g - Pute|0,46|https://www.zoodrop.de/out/pictures/generated/product/1/665_665_100/4000158740526.jpg|0,1|kg|wet|||
58242-HGN|4000158740533|Finnern Miamor|Miamor Ragout Royale in Jelly 100g - Lachs|0,46|https://www.zoodrop.de/out/pictures/generated/product/1/665_665_100/4000158740533.jpg|0,1|kg|wet|||
9113672-HGN|4028802250306|Amora|AMORA Dog Fleisch Pur Rind 800g|2,17|https://www.zoodrop.de/out/pictures/generated/product/1/665_665_100/4028802250306.jpg|0,8|kg|wet|||
9113476-HGN|4028802250160|Amora|AMORA Dog Fleisch Pur Ente 800g|2,17|https://www.zoodrop.de/out/pictures/generated/product/1/665_665_100/4028802250160.jpg|0,8|kg|wet|||
9113475-HGN|4028802250146|Amora|AMORA Dog Fleisch Pur Huhn 800g|2,17|https://www.zoodrop.de/out/pictures/generated/product/1/665_665_100/4028802250146.jpg|0,8|kg|wet|||
9113477-HGN|4028802250177|Amora|AMORA Dog Fleisch Pur Lachs & Kabeljau 800g|2,17|https://www.zoodrop.de/out/pictures/generated/product/1/665_665_100/4028802250177.jpg|0,8|kg|wet|||
9113478-HGN|4028802250184|Amora|AMORA Dog Fleisch Pur Pute 800g|2,17|https://www.zoodrop.de/out/pictures/generated/product/1/665_665_100/4028802250184.jpg|0,8|kg|wet|||
9113479-HGN|4028802250191|Amora|AMORA Dog Fleisch Pur Rentier 800g|2,17|https://www.zoodrop.de/out/pictures/generated/product/1/665_665_100/4028802250191.jpg|0,8|kg|wet|||
100696-AL|8595602546749|Brit Care|Brit Care Cat PB Fillets in Gravy - Huhn 85g|0,97|https://www.zoodrop.de/out/pictures/generated/product/1/665_665_100/12_8595602541195_pouch-fillets_gravy-adult-choice-chicken_85g_web.jpg|0,085|kg|wet|||Brit Care Cat Pouch Fillets in Gravy for Adult Cats Choice ChickenFilets in Soße mit Hühnchen, angereichert mit Sanddorn und Kapuzinerkresse.Superpremium-Nassfutter ohne Getreide für ausgewachsene Katzen.Als Alleinfutter oder auch als leckere Ergänzung zum Trockenfutter für zusätzliche Abwechslung und Geschmack.- Getreidefreie Rezeptur- 85% Fleischanteil in den Filets- Geschmacklich ansprechend- Natürliche Antioxidantien: Rosmarin-ExtraktZusammensetzung: 85% Fleisch in Filets (70% Huhn, 15% Leber), Brühe, 1% Sanddorn, 0,5% Kapuzinerkresse, Mineralien, Erbsenstärke.Analytische Bestandteile: Rohprotein 8,5 %, Rohfett 4,0 %, Rohfaser 0,5 %, Rohasche 2,0 %, Feuchtigkeit 82,0 %, Calcium 0,25 %, Phosphor 0,2 %, Natrium 0,3 %.Nahrungsergänzungsmittel pro 1 kg: Vitamin D3 (E671) 250 I.E., Vitamin E (3a700) 150 mg, Biotin (3a880) 0,5 mg, Zink (3b606) 12 mg, Mangan (3b502) 3 mg, Eisen (3b103) 10 mg, Kupfer (3b405) 0,4 mg, Jod (3b201) 0,7 mg, Taurin (3a370) 500 mg, L-Methionin (3c305) 2 000 mg.Enthält natürliche Antioxidantien: Tocopherol-Extrakte aus Pflanzenöl (1b306), Ascorbylpalmitat (1b304) und Rosmarin-Extrakt.Fütterungsempfehlung: Die empfohlene Tagesdosis ist in der Fütterungstabelle angegeben, kann aber je nach Alter, Aktivitätsniveau und Umgebung Ihrer Katze variieren. Stellen Sie immer eine Schale mit frischem Wasser bereit. Servieren Sie das Futter bei Raumtemperatur. Wenn Sie das Futter für mehr Abwechslung und Geschmack servieren, achten Sie darauf, die empfohlene tägliche Portionsgröße des normalen Futters Ihrer Katze entsprechend zu reduzieren. Nach dem Öffnen im Kühlschrank aufbewahren.Fütterungstabelle:Gewicht der Katze (kg) / Pouches pro Tag 3 / 24–6 / 2-36–8 / 4-6Metabolisierbare Energie: 815 kcal/kg.
100698-AL|8595602546763|Brit Care|Brit Care Cat PB Fillets in Gravy - Ente 85g|0,97|https://www.zoodrop.de/out/pictures/generated/product/1/665_665_100/3_8595602540518_pouch-fillets_gravy-with-hearty-duck_85g_web.jpg|0,085|kg|wet|||Brit Care Cat Pouch Fillets in Gravy for Adult Cats with Hearty DuckFilets in Soße mit herzhafter Ente, angereichert mit Sanddorn und Kapuzinerkresse.Superpremium-Nassfutter ohne Getreide für ausgewachsene Katzen.Als Alleinfutter oder auch als leckere Ergänzung zum Trockenfutter für zusätzliche Abwechslung und Geschmack.- Getreidefreie Rezeptur- 85% Fleischanteil in den Filets- Geschmacklich ansprechend- Natürliche Antioxidantien: Rosmarin-ExtraktZusammensetzung: 85% Fleisch in Filets (62 Huhn, 15% Leber, 8% Ente), Brühe, 1% Sanddorn, 0,5% Kapuzinerkresse, Mineralien, Erbsenstärke.Analytische Bestandteile: Rohprotein 8,5%, Rohfett 4,5%, Rohfasern 0,5%, Rohasche 2,0%, Feuchtigkeit 82,0%, Calcium 0,25%, Phosphor 0,2%, Natrium 0,3%.Nahrungsergänzungsmittel pro 1 kg: Vitamin D3 (E671) 250 I.E., Vitamin E (3a700) 150 mg, Biotin (3a880) 0,5 mg, Zink (3b606) 12 mg, Mangan (3b502) 3 mg, Eisen (3b103) 10 mg, Kupfer (3b405) 0,4 mg, Jod (3b201) 0,7 mg, Taurin (3a370) 500 mg, L-Methionin (3c305) 2 000 mg.Enthält natürliche Antioxidantien: Tocopherol-Extrakte aus Pflanzenöl (1b306), Ascorbylpalmitat (1b304) und Rosmarin-Extrakt.Fütterungsempfehlung: Die empfohlene Tagesdosis ist in der Fütterungstabelle angegeben, kann aber je nach Alter, Aktivitätsniveau und Umgebung Ihrer Katze variieren. Stellen Sie immer eine Schale mit frischem Wasser bereit. Servieren Sie das Futter bei Raumtemperatur. Wenn Sie das Futter für mehr Abwechslung und Geschmack servieren, achten Sie darauf, die empfohlene tägliche Portionsgröße des normalen Futters Ihrer Katze entsprechend zu reduzieren. Nach dem Öffnen im Kühlschrank aufbewahren.Fütterungstabelle:Gewicht der Katze (kg) / Pouches pro Tag 3 / 24–6 / 2-36–8 / 4-6Metabolisierbare Energie: 840 kcal/kg.
100699-AL|8595602546770|Brit Care|Brit Care Cat PB Fillets in Gravy - Lachs 85g|0,97|https://www.zoodrop.de/out/pictures/generated/product/1/665_665_100/4_8595602540525_pouch-fillets_gravy-with-savory-salmon_85g_web.jpg|0,085|kg|wet|||Brit Care Cat Pouch Fillets in Gravy for Adult Cats with Savory SalmonFilets in Soße mit herzhaftem Lachs, angereichert mit Sanddorn und Kapuzinerkresse.Superpremium-Nassfutter ohne Getreide für ausgewachsene Katzen.Als Alleinfutter oder auch als leckere Ergänzung zum Trockenfutter für zusätzliche Abwechslung und Geschmack.- Getreidefreie Rezeptur- 85% Fleischanteil in den Filets- Geschmacklich ansprechend- Natürliche Antioxidantien: Rosmarin-ExtraktZusammensetzung: 85% Fleisch in Filets (62% Huhn, 15% Leber, 8% Lachs), Brühe, 1% Sanddorn, 0,5% Kapuzinerkresse, Mineralien, Erbsenstärke.Analytische Bestandteile: Rohprotein 8,0%, Rohfett 4,0%, Rohfasern 0,5%, Rohasche 2,0%, Feuchte 82,0%, Calcium 0,25%, Phosphor 0,2%, Natrium 0,3%.Nahrungsergänzungsmittel pro 1 kg: Vitamin D3 (E671) 250 I.E., Vitamin E (3a700) 150 mg, Biotin (3a880) 0,5 mg, Zink (3b606) 12 mg, Mangan (3b502) 3 mg, Eisen (3b103) 10 mg, Kupfer (3b405) 0,4 mg, Jod (3b201) 0,7 mg, Taurin (3a370) 500 mg, L-Methionin (3c305) 2 000 mgEnthält natürliche Antioxidantien: Tocopherol-Extrakte aus Pflanzenöl (1b306), Ascorbylpalmitat (1b304) und Rosmarin-Extrakt.Fütterungsempfehlung: Die empfohlene Tagesdosis ist in der Fütterungstabelle angegeben, kann aber je nach Alter, Aktivitätsniveau und Umgebung Ihrer Katze variieren. Stellen Sie immer eine Schale mit frischem Wasser bereit. Servieren Sie das Futter bei Raumtemperatur. Wenn Sie das Futter für mehr Abwechslung und Geschmack servieren, achten Sie darauf, die empfohlene tägliche Portionsgröße des normalen Futters Ihrer Katze entsprechend zu reduzieren. Nach dem Öffnen im Kühlschrank aufbewahren.Fütterungstabelle:Gewicht der Katze (kg) / Pouches pro Tag 3 / 24–6 / 3-46–8 / 4-6Metabolisierbare Energie: 810 kcal/kg.
100697-AL|8595602546756|Brit Care|Brit Care Cat PB Fillets in Gravy - Truthahn & Lachs 85g|0,97|https://www.zoodrop.de/out/pictures/generated/product/1/665_665_100/2_8595602540501_pouch-fillets_gravy-with-tender-turkey-savory-salmon_85g_web.jpg|0,085|kg|wet|||Brit Care Cat Pouch for Adult Cats with Tender Turkey & Savory SalmonFilets in Soße mit herzhaftem Lachs & Truthahn, angereichert mit Sanddorn und Kapuzinerkresse.Superpremium-Nassfutter ohne Getreide für ausgewachsene Katzen.Als Alleinfutter oder auch als leckere Ergänzung zum Trockenfutter für zusätzliche Abwechslung undGeschmack.- Getreidefreie Rezeptur- 85% Fleischanteil in den Filets- Geschmacklich ansprechend- Natürliche Antioxidantien: Rosmarin-ExtraktZusammensetzung: 85% Fleisch in Filets (62% Huhn, 15% Leber, 4% Pute, 4% Lachs), Brühe, 1% Sanddorn, 0,5% Kapuzinerkresse, Mineralien, Erbsenstärke.Analytische Bestandteile: Rohprotein 8,0%, Rohfett 4,0%, Rohfasern 0,5%, Rohasche 2,0%, Feuchte 82,0%, Calcium 0,25%, Phosphor 0,2%, Natrium 0,3%.Nahrungsergänzungsmittel pro 1 kg: Vitamin D3 (E671) 250 I.E., Vitamin E (3a700) 150 mg, Biotin (3a880) 0,5 mg, Zink (3b606) 12 mg, Mangan (3b502) 3 mg, Eisen (3b103) 10 mg, Kupfer (3b405) 0,4 mg, Jod (3b201) 0,7 mg, Taurin (3a370) 500 mg, L-Methionin (3c305) 2 000 mg.Enthält natürliche Antioxidantien: Tocopherol-Extrakte aus Pflanzenöl (1b306), Ascorbylpalmitat (1b304) und Rosmarin-Extrakt.Fütterungsempfehlung: Die empfohlene Tagesdosis ist in der Fütterungstabelle angegeben, kann aber je nach Alter, Aktivitätsniveau und Umgebung Ihrer Katze variieren. Stellen Sie immer eine Schale mit frischem Wasser bereit. Servieren Sie das Futter bei Raumtemperatur. Wenn Sie das Futter für mehr Abwechslung und Geschmack servieren, achten Sie darauf, die empfohlene tägliche Portionsgröße des normalen Futters Ihrer Katze entsprechend zu reduzieren. Nach dem Öffnen im Kühlschrank aufbewahren.Fütterungstabelle:Gewicht der Katze (kg) / Pouches pro Tag 3 / 24–6 / 3-46–8 / 4-6Metabolisierbare Energie: 810 kcal/kg.
100703-AL|8595602549955|Brit Care|Brit Care Cat PB Fillets in Jelly - Tuhnfisch 85g|0,97|https://www.zoodrop.de/out/pictures/generated/product/1/665_665_100/7_8595602540556_pouch-fillets_jelly-with-wholesome-tuna_85g_web.jpg|0,085|kg|wet|||Brit Care Cat Pouch for Adult Cats with Wholesome TunaFilets in Gelee mit gesundem Thunfisch, angereichert mit Karotte & RosmarinSuperpremium-Nassfutter für ausgewachsene Katzen.- Getreidefreie Rezeptur- 85% Fleischanteil in den Filets- Geschmacklich ansprechend- Karotte und Rosmarin für eine gesunde Verdauung- Ohne GMO - Ohne Soja – Ohne ZuckerzusatzZusammensetzung: 85% Fleisch in Filets (62 % Huhn, 15 % Leber, 8 % Thunfisch), Brühe, 3 % Karotten, 0,5 % Rosmarin, Mineralien, ErbsenstärkeAnalytische Bestandteile: Rohprotein 9,0 %, Rohfett 3,0 %, Rohfaser 0,5 %, Rohasche 2,0 %, Feuchtigkeit 82,0 %, Calcium 0,25 %, Phosphor 0,2 %, Natrium 0,3 %.Nährwertzusätze pro 1 kg: Vitamin D3 (E671) 250 I.E., Vitamin E (3a700) 150 mg, Biotin (3a880) 0,5 mg, Zink (3b606) 12 mg, Mangan (3b502) 3 mg, Eisen (3b103) 10 mg, Kupfer (3b405) 0,4 mg, Jod (3b201) 0,7 mg, Taurin (3a370) 500 mg.Umsetzbare Energie: 770 kcal/kg.Enthält natürliche Antioxidantien: Tocopherol-Extrakte aus Pflanzenöl (1b306), Ascorbylpalmitat (1b304) und Rosmarin-Extrakt.Fütterungsempfehlung: Die empfohlene Tagesdosis ist in der Fütterungstabelle angegeben, kann aber je nach Alter, Aktivitätsniveau und Umgebung Ihrer Katze variieren. Stellen Sie immer eine Schale mit frischem Wasser bereit. Servieren Sie das Futter bei Raumtemperatur. Wenn Sie das Futter für mehr Abwechslung und Geschmack servieren, achten Sie darauf, die empfohlene tägliche Portionsgröße des normalen Futters Ihrer Katze entsprechend zu reduzieren. Nach dem Öffnen im Kühlschrank aufbewahren.Fütterungstabelle:Gewicht der Katze (kg) / Pouches pro Tag 3 / 24 – 6 / 3 - 46 – 8 / 4 - 6
100702-AL|8595602549948|Brit Care|Brit Care Cat PB Fillets in Jelly - Ente & Truthahn Sterilized 85g|0,97|https://www.zoodrop.de/out/pictures/generated/product/1/665_665_100/6_8595602540549_pouch-fillets_jelly-sterilized-hearty-duck-tender-turkey_85g_web.jpg|0,085|kg|wet|||Brit Care Cat Pouch sterilized Fillets in Jelly with Hearty Duck & Tender TurkeyFilets in Gelee mit herzhafter Ente & zarter Pute, angereichert mit Karotte & Rosmarin. Superpremium-Nassfutter für ausgewachsene, sterilisierte Katzen.Als Alleinfuttermittel oder auch als leckere Ergänzung zum Trockenfutter für zusätzliche Abwechslung und Geschmack.- Getreidefreie Rezeptur- 85% Fleischanteil in den Filets- Geschmacklich ansprechend- Karotte und Rosmarin für eine gesunde Verdauung- Ohne GMO - Ohne Soja – Ohne ZuckerzusatzZusammensetzung: 85% Fleisch in Filets (62 % Huhn, 15 % Leber, 4 % Ente, 4 % Pute), Brühe, 3 % Karotten, 0,5 % Rosmarin, Mineralien, Erbsenstärke.Analytische Bestandteile: Rohprotein 9,0 %, Rohfett 3,5 %, Rohfaser 0,5 %, Rohasche 2,0 %, Feuchtigkeit 82,0 %, Calcium 0,25 %, Phosphor 0,2 %, Natrium 0,3 %Nährwertzusätze pro 1 kg: Vitamin D3 (E671) 250 I.E., Vitamin E (3a700) 150 mg, Biotin (3a880) 0,5 mg, Zink (3b606) 12 mg, Mangan (3b502) 3 mg, Eisen (3b103) 10 mg, Kupfer (3b405) 0,4 mg, Jod (3b201) 0,7 mg, Taurin (3a370) 500 mg, L-Methionin (3c305) 2.000 mgUmsetzbare Energie: 840 kcal/kg.Enthält natürliche Antioxidantien: Tocopherol-Extrakte aus Pflanzenöl (1b306), Ascorbylpalmitat (1b304) und Rosmarin-Extrakt.Fütterungsempfehlung: Die empfohlene Tagesdosis ist in der Fütterungstabelle angegeben, kann aber je nach Alter, Aktivitätsniveau und Umgebung Ihrer Katze variieren. Stellen Sie immer eine Schale mit frischem Wasser bereit. Servieren Sie das Futter bei Raumtemperatur. Wenn Sie das Futter für mehr Abwechslung und Geschmack servieren, achten Sie darauf, die empfohlene tägliche Portionsgröße des normalen Futters Ihrer Katze entsprechend zu reduzieren. Nach dem Öffnen im Kühlschrank aufbewahren.Fütterungstabelle:Gewicht der Katze (kg) / Pouches pro Tag 3 / 24 – 6 / 3 - 46 – 8 / 4 - 6
